flip_rate,rep,outcome,M0,M3
0.0,0,Associative framing,2.2708485838166594,1.6081723372300505
0.0,0,Hedged or speculative,2.444040697674422,2.0157833757217523
0.0,0,Significance-marked,0.20569328128301817,0.1426912597137092
0.0,0,Carries a magnitude,0.4261183977312994,0.669385856902913
0.05,0,Associative framing,2.0976241857590705,1.8688379418060566
0.05,0,Hedged or speculative,2.259170552042752,1.6413311016716472
0.05,0,Significance-marked,0.3136833142882744,0.3472860312833548
0.05,0,Carries a magnitude,0.5182316230150025,0.7123635727383242
0.05,1,Associative framing,2.0510956802266125,1.5352615179805742
0.05,1,Hedged or speculative,1.922684883973107,1.593967331624322
0.05,1,Significance-marked,0.30087134366603996,0.2823076424800655
0.05,1,Carries a magnitude,0.45125482625482327,0.47717361456732327
0.05,2,Associative framing,1.967052594182373,1.277205032398445
0.05,2,Hedged or speculative,2.149637245149932,1.811124141344999
0.05,2,Significance-marked,0.28210257038276715,0.3431069910117942
0.05,2,Carries a magnitude,0.5002835051546368,0.6700517908648063
0.05,3,Associative framing,2.0269642026964125,1.3920621714478938
0.05,3,Hedged or speculative,2.124549108523144,1.7490258819356377
0.05,3,Significance-marked,0.3104768844212519,0.3741171000864002
0.05,3,Carries a magnitude,0.4818640860405899,0.9679047749617057
0.05,4,Associative framing,2.0049121891844885,1.3144851249671279
0.05,4,Hedged or speculative,2.070695138573375,1.7013638373409645
0.05,4,Significance-marked,0.3227879740055696,0.355172059079503
0.05,4,Carries a magnitude,0.5339904370974201,0.6983662523612867
0.05,5,Associative framing,2.0338666029926795,1.453877230326762
0.05,5,Hedged or speculative,2.0427944453968783,1.5464988865290004
0.05,5,Significance-marked,0.30752688172043124,0.39570040582728067
0.05,5,Carries a magnitude,0.488782862706915,0.7571245058022157
0.05,6,Associative framing,2.1415060076874215,1.6130265372315544
0.05,6,Hedged or speculative,2.244888540176302,1.8089915084968398
0.05,6,Significance-marked,0.326304702649165,0.33490254628109173
0.05,6,Carries a magnitude,0.4593584008946038,0.5225773510366388
0.05,7,Associative framing,2.0779649330181216,1.6515123653079422
0.05,7,Hedged or speculative,2.0480516858469637,1.613639569855133
0.05,7,Significance-marked,0.3266531381707707,0.39513413678173537
0.05,7,Carries a magnitude,0.686913229018492,1.0902037533793834
0.05,8,Associative framing,1.883155408597072,1.2619177340840124
0.05,8,Hedged or speculative,2.1610267534345606,1.7714190446727325
0.05,8,Significance-marked,0.32554184254698115,0.3207817096133665
0.05,8,Carries a magnitude,0.5598415487829688,0.6171244139003786
0.05,9,Associative framing,2.091504345220262,1.4793462534570108
0.05,9,Hedged or speculative,2.0835209334248446,1.7609077502646777
0.05,9,Significance-marked,0.3515887573023482,0.30745900570875767
0.05,9,Carries a magnitude,0.5551821428336536,0.883294230333829
0.05,10,Associative framing,1.9682913240605537,1.3106578387141332
0.05,10,Hedged or speculative,2.1001357588922103,1.7858922745045327
0.05,10,Significance-marked,0.36926432346279664,0.4178977667382852
0.05,10,Carries a magnitude,0.5472619216074671,0.7574358360456305
0.05,11,Associative framing,1.9714243730407555,1.3119792087947446
0.05,11,Hedged or speculative,2.0434934246968774,1.604960876075859
0.05,11,Significance-marked,0.3005117990907107,0.3145012875898697
0.05,11,Carries a magnitude,0.5068728522336774,0.5946811664872308
0.05,12,Associative framing,2.0351869569076917,1.459778275368201
0.05,12,Hedged or speculative,2.2543052003410087,2.1730866156869966
0.05,12,Significance-marked,0.2958909738391993,0.283630070559623
0.05,12,Carries a magnitude,0.520770782130512,0.8340849027230214
0.05,13,Associative framing,1.8350335570469811,1.3436754750963518
0.05,13,Hedged or speculative,2.0812391942422814,1.6584575818560123
0.05,13,Significance-marked,0.3414364847668244,0.3695949750602215
0.05,13,Carries a magnitude,0.47444029158055256,0.6962957806943629
0.05,14,Associative framing,1.9332963588136007,1.3303477029279376
0.05,14,Hedged or speculative,2.049773248407645,1.5526536445568213
0.05,14,Significance-marked,0.34916234508218236,0.40852634149189326
0.05,14,Carries a magnitude,0.4462247751492724,0.573975162751366
0.05,15,Associative framing,2.0189460903351106,1.5595187093119396
0.05,15,Hedged or speculative,2.283611487631315,1.9961628658290078
0.05,15,Significance-marked,0.2963055181695835,0.31384470405309234
0.05,15,Carries a magnitude,0.5698195859562573,0.9143190390268533
0.05,16,Associative framing,2.0057169202397467,1.3885834404256614
0.05,16,Hedged or speculative,2.0480516858469646,1.5563901458153697
0.05,16,Significance-marked,0.3414466313503648,0.43703638184842053
0.05,16,Carries a magnitude,0.6059278053281032,1.5632634220630097
0.05,17,Associative framing,2.0136779304611525,1.4361344774678169
0.05,17,Hedged or speculative,2.0505285269006652,1.5489653771691518
0.05,17,Significance-marked,0.31207398021379457,0.3157315278240402
0.05,17,Carries a magnitude,0.661304736371763,0.7716084616616726
0.05,18,Associative framing,2.0533912110616677,1.3707809728262113
0.05,18,Hedged or speculative,2.2400358262427282,1.7363539139336484
0.05,18,Significance-marked,0.30330043950576174,0.3163624540992024
0.05,18,Carries a magnitude,0.49294752494089067,0.7151587103313475
0.05,19,Associative framing,1.929281407854,1.2623708463568064
0.05,19,Hedged or speculative,2.000788643533125,1.7133755610470303
0.05,19,Significance-marked,0.31478265337580996,0.29925657280889
0.05,19,Carries a magnitude,0.5229780120869246,0.5851002577192693
0.1,0,Associative framing,1.7116521947217307,1.4002443420927164
0.1,0,Hedged or speculative,2.017849415158831,1.7367674012717196
0.1,0,Significance-marked,0.4198515662968172,0.5105082773263365
0.1,0,Carries a magnitude,0.5264724531492215,0.593156562451004
0.1,1,Associative framing,1.6892651810818742,1.2484598158822096
0.1,1,Hedged or speculative,2.013735371365458,1.6060099686349427
0.1,1,Significance-marked,0.4431385651487454,0.46623584138193785
0.1,1,Carries a magnitude,0.5657023220403511,0.6818504442064686
0.1,2,Associative framing,1.7414291615035122,1.2881658877800366
0.1,2,Hedged or speculative,1.651979121357112,1.3010783341186445
0.1,2,Significance-marked,0.4631330301181222,0.6131951147297181
0.1,2,Carries a magnitude,0.676231404958672,1.0803780922726558
0.1,3,Associative framing,1.7037810052782254,1.2245797152339413
0.1,3,Hedged or speculative,1.82422096274374,1.6496298688154614
0.1,3,Significance-marked,0.5288153078673289,0.6462076409820432
0.1,3,Carries a magnitude,0.6340891175758617,1.078028406059395
0.1,4,Associative framing,1.7404763419651765,1.230337283375197
0.1,4,Hedged or speculative,1.9875243281740158,1.546467310659183
0.1,4,Significance-marked,0.3439709068399878,0.3702284001229244
0.1,4,Carries a magnitude,0.47915567282321847,0.6555115581472947
0.1,5,Associative framing,1.9969076149980685,1.5234830723650934
0.1,5,Hedged or speculative,1.937895767598737,1.6439248330972278
0.1,5,Significance-marked,0.37785455258257167,0.43162107197921135
0.1,5,Carries a magnitude,0.6427852067364176,0.8298870501465974
0.1,6,Associative framing,1.6892769860938968,1.5427566519795355
0.1,6,Hedged or speculative,1.9834484322302102,1.5705743603196411
0.1,6,Significance-marked,0.3803198996907996,0.43541596122315196
0.1,6,Carries a magnitude,0.5534117647058857,0.8309915749661294
0.1,7,Associative framing,1.912464370152686,1.5789985334703116
0.1,7,Hedged or speculative,1.815473347133024,1.5420502822880833
0.1,7,Significance-marked,0.447354091219232,0.5250450333830332
0.1,7,Carries a magnitude,0.6143246828744756,0.9968461133103816
0.1,8,Associative framing,2.0163724062613766,1.406167368146613
0.1,8,Hedged or speculative,1.9748459483965657,1.827358805117026
0.1,8,Significance-marked,0.40228248130935496,0.5074740636804538
0.1,8,Carries a magnitude,0.6050305303009889,0.8766569839819449
0.1,9,Associative framing,1.861464104365458,1.4945601177897976
0.1,9,Hedged or speculative,1.7630789766407098,1.3452449180957842
0.1,9,Significance-marked,0.3871359144133859,0.4950381329216789
0.1,9,Carries a magnitude,0.5336493987049045,0.9974996356536358
0.1,10,Associative framing,1.768215329581645,1.1210718638238661
0.1,10,Hedged or speculative,1.7757594738490463,1.8002545044938647
0.1,10,Significance-marked,0.36604938870717607,0.4168557221214781
0.1,10,Carries a magnitude,0.6283058182401063,0.8115721086120302
0.1,11,Associative framing,1.746815974782009,1.0816942609653661
0.1,11,Hedged or speculative,1.8362508525218424,1.5521330626130079
0.1,11,Significance-marked,0.4621170273629391,0.47324888531263526
0.1,11,Carries a magnitude,0.7118272956516428,0.8614249441116405
0.1,12,Associative framing,1.8866733266733289,1.4310870014471129
0.1,12,Hedged or speculative,2.0510706584107905,1.6204041712977586
0.1,12,Significance-marked,0.3979218367820618,0.5333496581420115
0.1,12,Carries a magnitude,0.5920103719309594,0.7790866213972636
0.1,13,Associative framing,1.649009867531765,1.165177721060406
0.1,13,Hedged or speculative,1.9921955156277342,1.5889062939748668
0.1,13,Significance-marked,0.4592467697464464,0.417939013186286
0.1,13,Carries a magnitude,0.6856096530353545,0.9122025640449264
0.1,14,Associative framing,1.6963605549896863,1.4002146172072922
0.1,14,Hedged or speculative,1.8206516016258425,1.3072711538182928
0.1,14,Significance-marked,0.4063641037132717,0.5620458328154445
0.1,14,Carries a magnitude,0.583322253514316,1.0649096132547378
0.1,15,Associative framing,1.7120782565412163,1.1689286770518927
0.1,15,Hedged or speculative,1.9093189631143725,1.5484079133016373
0.1,15,Significance-marked,0.38573393626397207,0.47749832118506114
0.1,15,Carries a magnitude,0.680399654619465,1.1325964558047115
0.1,16,Associative framing,1.8108051403094663,1.255508086098965
0.1,16,Hedged or speculative,2.094778839805974,1.8769393265782062
0.1,16,Significance-marked,0.40463897325365095,0.4900460526719719
0.1,16,Carries a magnitude,0.5845966943636202,0.8654042531077611
0.1,17,Associative framing,1.8731661310604997,1.5507531955917149
0.1,17,Hedged or speculative,1.868552219429986,1.3534758837172456
0.1,17,Significance-marked,0.4628556756685602,0.611448947856783
0.1,17,Carries a magnitude,0.6392241224338168,0.9754824759295206
0.1,18,Associative framing,1.7913539516526003,1.5952986220424614
0.1,18,Hedged or speculative,1.9797660331992442,1.634052949595658
0.1,18,Significance-marked,0.414628246753247,0.5330384913684868
0.1,18,Carries a magnitude,0.5922930853850156,0.7439547632133219
0.1,19,Associative framing,1.7498594112874506,1.3625915396652173
0.1,19,Hedged or speculative,1.8972285953603505,1.6192761324870693
0.1,19,Significance-marked,0.4048704361989424,0.44814787219010455
0.1,19,Carries a magnitude,0.6291903699995477,0.9826470264909329
0.2,0,Associative framing,1.3914473684210507,1.154184305072687
0.2,0,Hedged or speculative,1.4740643802867375,1.2659778943297275
0.2,0,Significance-marked,0.5867338285675565,0.6087883943080654
0.2,0,Carries a magnitude,0.6465428276573778,0.7340415781269999
0.2,1,Associative framing,1.622843267374514,1.5881140430281002
0.2,1,Hedged or speculative,1.4920596686223513,1.3649398714369958
0.2,1,Significance-marked,0.6087645559153874,0.6648679297734966
0.2,1,Carries a magnitude,0.737546369899309,0.6692630976916117
0.2,2,Associative framing,1.2661769743868776,1.097675186720666
0.2,2,Hedged or speculative,1.5754018907814398,1.255086280952322
0.2,2,Significance-marked,0.5009888704739873,0.5750636061754414
0.2,2,Carries a magnitude,0.6919819507115579,0.7794066924210745
0.2,3,Associative framing,1.511209241581343,1.237452680908695
0.2,3,Hedged or speculative,1.500076565769998,1.3822867124658693
0.2,3,Significance-marked,0.5823153075302105,0.6503047507876569
0.2,3,Carries a magnitude,0.769246612585204,0.9839480267551816
0.2,4,Associative framing,1.492892821464251,1.321207291804058
0.2,4,Hedged or speculative,1.484395212287627,1.3535727835524993
0.2,4,Significance-marked,0.5179987664622847,0.493666688169426
0.2,4,Carries a magnitude,0.6873850186733629,0.686620686686121
0.2,5,Associative framing,1.4911920764060833,1.2861873454852226
0.2,5,Hedged or speculative,1.5062211981566804,1.3363985742818927
0.2,5,Significance-marked,0.552698026746468,0.6901425301465519
0.2,5,Carries a magnitude,0.7653061224489823,1.0558682472482561
0.2,6,Associative framing,1.540405369834171,1.2729563988506598
0.2,6,Hedged or speculative,1.4981540084388254,1.457944930132445
0.2,6,Significance-marked,0.6501111255133428,0.8793995521527463
0.2,6,Carries a magnitude,0.8037390251286678,1.1423134894305718
0.2,7,Associative framing,1.2958240618131696,0.9580404360852186
0.2,7,Hedged or speculative,1.4027273766322856,1.044602561790278
0.2,7,Significance-marked,0.5599710993626359,0.6727326533965882
0.2,7,Carries a magnitude,0.6984865180191824,0.7804142174713452
0.2,8,Associative framing,1.4807020047085722,1.2253520772241266
0.2,8,Hedged or speculative,1.4955207980243077,1.3657515272288065
0.2,8,Significance-marked,0.5908521845223709,0.6713892772223045
0.2,8,Carries a magnitude,0.7914317987864647,0.9508388642809067
0.2,9,Associative framing,1.4951840275562878,1.1184714354260479
0.2,9,Hedged or speculative,1.6132056519118754,1.383693304024423
0.2,9,Significance-marked,0.5963114385838804,0.6860163973182932
0.2,9,Carries a magnitude,0.7298200868546273,0.8166989324322284
0.2,10,Associative framing,1.8124806034059442,1.1683552308262617
0.2,10,Hedged or speculative,1.549948797102961,1.4280881230280034
0.2,10,Significance-marked,0.5980695359768299,0.6918406336661812
0.2,10,Carries a magnitude,0.6729102089327794,0.9339813947760393
0.2,11,Associative framing,1.4067641096767316,1.1738320459232452
0.2,11,Hedged or speculative,1.5331910591935272,1.1778141234810142
0.2,11,Significance-marked,0.590697870112384,0.7727872295998077
0.2,11,Carries a magnitude,0.6882119982398673,0.853135237576756
0.2,12,Associative framing,1.5011386129623883,1.138141500920457
0.2,12,Hedged or speculative,1.5857596132054066,1.6453882299157654
0.2,12,Significance-marked,0.5858728065851724,0.5892882574798186
0.2,12,Carries a magnitude,0.7479534825973551,0.7689381934564253
0.2,13,Associative framing,1.5280345130154995,1.251808591971216
0.2,13,Hedged or speculative,1.5902949888170275,1.4229139958806207
0.2,13,Significance-marked,0.6650805540350647,0.9180959317945272
0.2,13,Carries a magnitude,0.6700059210421009,0.8141066312618389
0.2,14,Associative framing,1.3954384115269682,0.9680052526329432
0.2,14,Hedged or speculative,1.573760472892584,1.3504892605335275
0.2,14,Significance-marked,0.6368828187331088,0.6849755922260822
0.2,14,Carries a magnitude,0.7429607250755291,0.8612980029172663
0.2,15,Associative framing,1.791879156660353,1.7526790549570244
0.2,15,Hedged or speculative,1.5355397301349336,1.3278724853788788
0.2,15,Significance-marked,0.5717730978260841,0.6384067166089293
0.2,15,Carries a magnitude,0.5652885574575931,0.6946999874009709
0.2,16,Associative framing,1.437046719514253,1.331743609957598
0.2,16,Hedged or speculative,1.515432668935345,1.2250187209861858
0.2,16,Significance-marked,0.6300025939375945,0.7936615805506635
0.2,16,Carries a magnitude,0.8149354982206432,0.9646830969236971
0.2,17,Associative framing,1.5300016055347163,1.2769384996291941
0.2,17,Hedged or speculative,1.4175903844319364,1.3388212010170861
0.2,17,Significance-marked,0.553466451580836,0.5990883647243503
0.2,17,Carries a magnitude,0.7670919835332647,0.9518596992835042
0.2,18,Associative framing,1.4948582786035263,1.2218699729678644
0.2,18,Hedged or speculative,1.5638039629790677,1.402173165374405
0.2,18,Significance-marked,0.5940248306790276,0.7752718261644276
0.2,18,Carries a magnitude,0.6828561853695889,0.880808688636644
0.2,19,Associative framing,1.3582138312871834,1.0747349126872205
0.2,19,Hedged or speculative,1.624147900986664,1.3171792131466862
0.2,19,Significance-marked,0.5537115043984341,0.7310178110903605
0.2,19,Carries a magnitude,0.697408913338121,0.8123074980217313
