subset,outcome,claims,papers,harm_claims,outcome_claims,M0_OR,M0_lo,M0_hi,M0_p,M1_OR,M1_lo,M1_hi,M1_p,M2_OR,M2_lo,M2_hi,M2_p,M3_papers,M3_claims,M3_OR,M3_lo,M3_hi,M3_p
generative AI,Associative framing,2408,873,469,249,3.004363139357614,2.14843108703163,4.201297368863594,1.2777563647062574e-10,2.9418207901737947,2.091976224427766,4.136906270942945,5.525901961043459e-10,2.906786163894411,2.061883700046868,4.097906105187176,1.1311875289145379e-09,66,267,1.2953771953769473,0.7966055466481332,2.1064403648244143,0.2968164891059194
generative AI,Hedged or speculative,2408,873,469,466,2.6902952353113156,2.059871710533987,3.513659814893288,3.743569979452421e-13,2.362781293848686,1.791021358678295,3.117068043611224,1.181176781025761e-09,2.4257790304934663,1.8307495416136335,3.2142047675157532,6.764646431384813e-10,108,433,2.3127113679501363,1.5650086647939394,3.4176385037139916,2.5785353717750566e-05
generative AI,Significance-marked,2408,873,469,539,0.1774298760600137,0.115758042061749,0.2719583050815482,2.0929329327737834e-15,0.20091881561359762,0.12543310671084365,0.32183186342207537,2.448276990473436e-11,0.2076428106666249,0.12895192699128794,0.33435356746897416,9.970357841123234e-11,49,213,0.07506500036381114,0.028653208164448267,0.1966535212140866,1.3669146183164897e-07
generative AI,Carries a magnitude,2408,873,469,297,0.41094810040705354,0.23794512533173542,0.7097365032913409,0.0014238861911973248,0.8396172070134684,0.38154826817011867,1.8476222096198385,0.6639937048607206,0.793873862314587,0.374259570361354,1.6839534889055114,0.5474123681169041,22,90,0.6034652956909381,0.25869035875904767,1.4077461751968539,0.24254476861571694
"generative AI, 2023+",Associative framing,2329,836,463,243,2.996658343125736,2.1346442751080943,4.206771746533906,2.2739291946192176e-10,2.950805116997326,2.09076010774467,4.164634099456885,7.490375197893872e-10,2.909704431265112,2.05772137554049,4.1144442478758885,1.5200340762679118e-09,65,265,1.2605873588815821,0.7722769362191643,2.0576562821514557,0.3542832013582281
"generative AI, 2023+",Hedged or speculative,2329,836,463,450,2.7544781279974977,2.1018165904609627,3.609805818476584,2.079806482116557e-13,2.4477948649791093,1.8525106334993542,3.2343672379898294,3.0414238691795946e-10,2.532111875267461,1.9089466436319042,3.3587060016889736,1.151002436355955e-10,104,422,2.566305401930533,1.7157835493942564,3.8384348761840865,4.47060640321456e-06
"generative AI, 2023+",Significance-marked,2329,836,463,512,0.1763312210347108,0.11411339757216461,0.27247194609142367,5.452471094976417e-15,0.19671193810724366,0.12238217533731187,0.3161864584221894,1.8793738496653647e-11,0.20337603813746882,0.12574977764565543,0.3289215588519348,8.409702758319174e-11,49,213,0.07506500036381114,0.028653208164448267,0.1966535212140866,1.3669146183164897e-07
"generative AI, 2023+",Carries a magnitude,2329,836,463,276,0.4379839176104013,0.25331646319665074,0.7572737660419503,0.0031247474184247642,0.8857729234807005,0.40408297563321793,1.9416647552202608,0.7619612120481953,0.8465974717037453,0.39975881171612443,1.7928992634792353,0.6635775542836579,22,90,0.6034652956909381,0.25869035875904767,1.4077461751968539,0.24254476861571694
clinical,Associative framing,352,193,62,28,2.000000000000001,0.7380018446628337,5.420040652916605,0.17297980262906554,1.9919912018093022,0.7275749976351064,5.453773096908582,0.17990099379400237,2.156618297108682,0.7717104204318792,6.026875310069117,0.14272149960859823,4,11,,,,
clinical,Hedged or speculative,352,193,62,62,3.1106484235574046,1.7030265682154617,5.681727928131755,0.0002223839870318148,2.2720770180446097,1.1445978645354848,4.5101726430544495,0.01897480067287525,2.334239822472342,1.16338135253944,4.683481935585687,0.017037392581874818,3,8,,,,
clinical,Significance-marked,352,193,62,107,0.2004950495049504,0.08565294611047683,0.4693156126135348,0.00021282246044045927,0.17566910677977976,0.043612730979151,0.7075831846338188,0.01442266977798029,0.17291217585835683,0.042285052777430734,0.7070730339972388,0.014592081664476841,4,11,,,,
clinical,Carries a magnitude,352,193,62,76,0.5651929034074895,0.214527685897939,1.4890526447675476,0.24832253101949675,,,,,7.009718544766632,0.48623526381478505,101.05427913916584,0.15262261196798135,2,4,,,,
generative AI x clinical,Associative framing,203,125,31,13,1.7357142857142838,0.46173913231550423,6.5246886624590426,0.41439852885941564,1.8989338110492597,0.46480590115464676,7.7579686699079184,0.37182780261925963,2.2154536630572874,0.5320484831832019,9.225164789096645,0.2744162203176925,1,3,,,,
generative AI x clinical,Hedged or speculative,203,125,31,30,2.3715415019762855,0.9475658012689346,5.935428534951626,0.06505238913386113,,,,,2.385269373469947,0.4512651124348104,12.6079101336149,0.3061622753013583,0,0,,,,
generative AI x clinical,Significance-marked,203,125,31,60,0.1355529131985731,0.03121720522590437,0.588604653864801,0.00764424770132163,0.04699612063954519,0.004125669402433656,0.5353398781453144,0.013764007258835975,0.04849076197026646,0.00413822265754049,0.568203837986461,0.015946623115857574,1,3,,,,
generative AI x clinical,Carries a magnitude,203,125,31,40,0.9741176470588232,0.31891228280227923,2.975442594977519,0.9632872782554058,7.301233994781743,0.4592776121148401,116.069271482859,0.1589424360711058,6.762678770053953,0.363684007613247,125.75154031951067,0.19994241203562568,0,0,,,,
