,subject_type,subject_mode,object_type,relation,direction,valence,population_role,population_setting,measurement_horizon,statistical_marking,epistemic_strength,subject_entity,mediator,moderator,magnitude_value,magnitude_unit,n_reported,evidence_span
subject_type,1.0,0.244,0.025,0.022,0.033,0.051,0.025,0.03,0.007,-0.0,0.0,0.053,-0.0,0.002,-0.0,-0.0,-0.0,-0.0
subject_mode,0.244,1.0,0.046,0.05,0.096,0.112,0.029,0.042,0.017,0.001,0.003,0.037,0.0,0.003,0.003,0.003,-0.0,-0.0
object_type,0.025,0.046,1.0,0.14,0.134,0.087,0.019,-0.0,0.034,0.024,0.002,-0.0,0.002,0.003,0.013,0.013,-0.0,-0.0
relation,0.022,0.05,0.14,1.0,0.31,0.202,0.001,0.001,0.014,0.046,0.043,0.063,0.023,0.024,0.0,0.0,0.001,-0.0
direction,0.033,0.096,0.134,0.31,1.0,0.553,0.008,0.005,0.038,0.018,0.029,0.002,0.0,0.002,0.005,0.004,0.0,-0.0
valence,0.051,0.112,0.087,0.202,0.553,1.0,0.009,0.012,0.032,0.012,0.031,0.012,0.002,0.007,0.002,0.002,0.0,-0.0
population_role,0.025,0.029,0.019,0.001,0.008,0.009,1.0,0.203,0.007,0.002,-0.0,0.0,0.002,-0.0,0.001,0.001,0.0,0.0
population_setting,0.03,0.042,-0.0,0.001,0.005,0.012,0.203,1.0,0.025,0.004,-0.0,0.003,0.001,0.001,0.003,0.004,0.001,0.0
measurement_horizon,0.007,0.017,0.034,0.014,0.038,0.032,0.007,0.025,1.0,0.033,0.001,-0.0,0.008,-0.0,0.04,0.039,0.002,-0.0
statistical_marking,-0.0,0.001,0.024,0.046,0.018,0.012,0.002,0.004,0.033,1.0,0.004,-0.0,0.017,0.005,0.105,0.106,0.003,-0.0
epistemic_strength,0.0,0.003,0.002,0.043,0.029,0.031,-0.0,-0.0,0.001,0.004,1.0,-0.001,0.003,0.003,0.003,0.003,0.0,-0.0
subject_entity,0.053,0.037,-0.0,0.063,0.002,0.012,0.0,0.003,-0.0,-0.0,-0.001,1.0,0.004,0.002,0.004,0.004,-0.001,-0.0
mediator,-0.0,0.0,0.002,0.023,0.0,0.002,0.002,0.001,0.008,0.017,0.003,0.004,1.0,0.01,0.013,0.013,0.002,-0.0
moderator,0.002,0.003,0.003,0.024,0.002,0.007,-0.0,0.001,-0.0,0.005,0.003,0.002,0.01,1.0,0.006,0.006,0.001,-0.0
magnitude_value,-0.0,0.003,0.013,0.0,0.005,0.002,0.001,0.003,0.04,0.105,0.003,0.004,0.013,0.006,1.0,0.986,0.056,-0.0
magnitude_unit,-0.0,0.003,0.013,0.0,0.004,0.002,0.001,0.004,0.039,0.106,0.003,0.004,0.013,0.006,0.986,1.0,0.056,-0.0
n_reported,-0.0,-0.0,-0.0,0.001,0.0,0.0,0.0,0.001,0.002,0.003,0.0,-0.001,0.002,0.001,0.056,0.056,1.0,-0.0
evidence_span,-0.0,-0.0,-0.0,-0.0,-0.0,-0.0,0.0,0.0,-0.0,-0.0,-0.0,-0.0,-0.0,-0.0,-0.0,-0.0,-0.0,1.0
