,subject_type,subject_mode,object_type,relation,direction,valence,population_role,population_setting,measurement_horizon,statistical_marking,epistemic_strength,subject_entity,object_entity,mediator,moderator,magnitude_value,magnitude_unit,n_reported,evidence_span
subject_type,1.0,0.021,0.014,0.034,0.005,0.029,0.048,0.079,0.008,-0.001,0.004,0.121,,0.015,0.013,0.002,0.028,,0.003
subject_mode,0.021,1.0,0.013,0.008,0.03,0.067,0.013,0.015,0.024,0.011,0.022,0.035,,0.006,0.008,0.021,0.025,,0.003
object_type,0.014,0.013,1.0,0.023,0.008,0.034,0.021,0.029,0.047,0.007,0.012,0.022,,0.014,0.013,0.014,0.048,,0.005
relation,0.034,0.008,0.023,1.0,0.145,0.14,0.011,0.006,0.033,0.248,0.009,0.03,,0.01,0.019,0.042,0.068,,0.004
direction,0.005,0.03,0.008,0.145,1.0,0.288,0.027,0.035,0.011,0.464,0.009,0.015,,0.008,0.011,0.057,0.047,,0.003
valence,0.029,0.067,0.034,0.14,0.288,1.0,0.015,0.024,0.021,0.385,0.024,0.026,,0.01,0.01,0.033,0.038,,0.004
population_role,0.048,0.013,0.021,0.011,0.027,0.015,1.0,0.643,0.016,0.005,0.002,0.031,,0.007,0.012,0.015,0.022,,0.002
population_setting,0.079,0.015,0.029,0.006,0.035,0.024,0.643,1.0,0.044,0.015,0.007,0.039,,0.004,0.02,0.037,0.037,,0.002
measurement_horizon,0.008,0.024,0.047,0.033,0.011,0.021,0.016,0.044,1.0,-0.002,0.02,0.023,,,,0.024,0.032,,0.004
statistical_marking,-0.001,0.011,0.007,0.248,0.464,0.385,0.005,0.015,-0.002,1.0,0.012,0.016,,,,0.047,0.013,,0.002
epistemic_strength,0.004,0.022,0.012,0.009,0.009,0.024,0.002,0.007,0.02,0.012,1.0,0.009,,0.009,0.01,-0.001,0.002,,0.002
subject_entity,0.121,0.035,0.022,0.03,0.015,0.026,0.031,0.039,0.023,0.016,0.009,1.0,,0.113,0.091,0.091,0.143,,0.028
object_entity,,,,,,,,,,,,,1.0,,,,,,
mediator,0.015,0.006,0.014,0.01,0.008,0.01,0.007,0.004,,,0.009,0.113,,1.0,,,,,0.272
moderator,0.013,0.008,0.013,0.019,0.011,0.01,0.012,0.02,,,0.01,0.091,,,1.0,,,,0.173
magnitude_value,0.002,0.021,0.014,0.042,0.057,0.033,0.015,0.037,0.024,0.047,-0.001,0.091,,,,1.0,0.235,,0.008
magnitude_unit,0.028,0.025,0.048,0.068,0.047,0.038,0.022,0.037,0.032,0.013,0.002,0.143,,,,0.235,1.0,,0.007
n_reported,,,,,,,,,,,,,,,,,,1.0,
evidence_span,0.003,0.003,0.005,0.004,0.003,0.004,0.002,0.002,0.004,0.002,0.002,0.028,,0.272,0.173,0.008,0.007,,1.0
