K,ll,npar,bic,aic,entropy,bic_gain
2,-89208.24948332674,187,180045.2614877889,178790.49896665348,0.8996698616655032,
3,-86991.33334296814,281,176430.16544764244,174544.66668593627,0.871365815027662,3615.0960401464545
4,-84958.45750485908,375,173183.15001199505,170666.91500971816,0.9121909620175269,3247.015435647394
5,-83546.7746607765,469,171178.52056440065,168031.549321553,0.9271966771402924,2004.6294475944014
6,-82581.38688700159,563,170066.48125742155,166288.77377400317,0.9138802106757826,1112.0393069791025
7,-81820.89452922784,657,169364.2327824448,164955.78905845567,0.9162393135978554,702.2484749767464
8,-80999.08799159803,751,168539.35594775595,163500.17598319607,0.918261909150452,824.8768346888537
9,-80285.52967368736,845,167930.97555250532,162261.0593473747,0.9317764026161945,608.3803952506278
10,-79818.64116356363,939,167815.93477282862,161515.28232712726,0.9244702330709698,115.04077967669582
11,-79404.69603927081,1033,167806.7807648137,160875.39207854163,0.9306256660411656,9.154008014913416
12,-78954.89160184654,1127,167725.9081305359,160163.78320369308,0.931662545102893,80.87263427779544
13,-78788.33324434873,1221,168211.52765611105,160018.66648869746,0.9255525467420443,-485.61952557513723
14,-78160.19595576506,1315,167773.98931951443,158950.3919115301,0.9317468306264725,437.5383365966263
15,-78092.47867499889,1409,168457.29099855284,159002.95734999777,0.9215814358461593,-683.3016790384136
16,-77565.69051679857,1503,168222.45092272296,158137.38103359714,0.9122793509647517,234.84007582988124
17,-77200.48220303952,1597,168310.77053577558,157594.96440607903,0.9111552269768173,-88.31961305261939
18,-77070.77723796866,1691,168870.09684620463,157523.55447593733,0.9111087546950797,-559.3263104290527
19,-76833.80919518537,1785,169214.8970012088,157237.61839037074,0.9141917876848635,-344.8001550041663
20,-76630.58470116508,1879,169627.18425373893,157019.16940233015,0.9132951875436313,-412.28725253013545
