,dim1,dim2,dim3,dim4,dim5,dim6
direction,16.1,8.6,14.7,13.0,13.8,10.1
epistemic_strength,0.7,3.7,0.9,1.7,0.8,0.9
evidence_span,0.0,0.0,0.0,0.0,0.0,0.0
magnitude_unit,1.9,12.7,2.9,5.2,9.0,4.0
magnitude_value,2.2,12.7,4.1,5.9,8.7,3.9
measurement_horizon,7.3,6.1,3.2,2.6,2.4,2.3
mediator,0.1,5.2,0.0,0.0,2.0,10.2
moderator,0.2,0.4,1.7,2.4,0.1,10.2
n_reported,0.0,1.7,0.6,0.2,1.9,0.1
object_entity,0.1,0.9,0.4,0.4,0.6,0.6
object_type,8.8,6.8,3.4,1.1,1.4,1.7
population_role,3.0,2.9,4.1,3.9,12.5,7.1
population_setting,3.0,4.2,6.1,4.8,14.3,7.3
relation,15.4,9.6,16.2,14.6,4.5,19.9
statistical_marking,9.2,9.7,13.6,11.5,3.6,0.3
subject_entity,1.1,1.9,2.4,3.8,1.8,2.5
subject_mode,9.7,3.1,3.3,10.6,7.3,6.5
subject_type,5.7,2.0,6.4,10.5,4.2,4.6
valence,15.6,7.8,15.9,7.7,11.1,8.0
