field,population_rate,kappa,ci_lo,ci_hi,gate
subject_type,0.814,0.446,0.357,0.537,DROP -- CI entirely below floor
subject_mode,0.750,0.230,0.154,0.307,DROP -- CI entirely below floor
object_type,0.833,0.685,0.603,0.761,KEEP -- CI entirely above floor
relation,0.891,0.532,0.433,0.627,UNDECIDED -- CI straddles floor
direction,0.756,0.688,0.585,0.787,KEEP (provisional) -- CI straddles floor
valence,0.801,0.631,0.528,0.731,KEEP (provisional) -- CI straddles floor
population_role,0.494,0.758,0.662,0.855,KEEP -- CI entirely above floor
population_setting,0.551,0.616,0.500,0.718,KEEP (provisional) -- CI straddles floor
measurement_horizon,0.135,0.405,0.168,0.596,DROP -- too sparse
statistical_marking,0.205,0.891,0.763,0.987,KEEP -- CI entirely above floor
epistemic_strength,1.000,0.683,0.447,0.838,KEEP (provisional) -- CI straddles floor
